{
  "version": 1,
  "author": "M K",
  "editor": "wokwi",
  "parts": [
    { "type": "board-esp32-devkit-c-v4", "id": "esp", "top": 144, "left": 292.84, "attrs": {} },
    {
      "type": "wokwi-dht22",
      "id": "dht1",
      "top": 173.1,
      "left": 484.2,
      "attrs": { "temperature": "40.1" }
    },
    {
      "type": "wokwi-resistor",
      "id": "r1",
      "top": 378.35,
      "left": 489.6,
      "attrs": { "value": "10000" }
    },
    { "type": "wokwi-rgb-led", "id": "rgb1", "top": 109.6, "left": 87.5, "attrs": {} },
    {
      "type": "wokwi-resistor",
      "id": "r2",
      "top": 224.75,
      "left": 163.2,
      "attrs": { "value": "220" }
    },
    {
      "type": "wokwi-resistor",
      "id": "r3",
      "top": 253.55,
      "left": 115.2,
      "attrs": { "value": "220" }
    },
    {
      "type": "wokwi-resistor",
      "id": "r5",
      "top": 320.75,
      "left": 124.8,
      "attrs": { "value": "220" }
    },
    {
      "type": "wokwi-led",
      "id": "led1",
      "top": 92.4,
      "left": 205.4,
      "attrs": { "color": "cyan", "flip": "" }
    }
  ],
  "connections": [
    [ "esp:TX", "$serialMonitor:RX", "", [] ],
    [ "esp:RX", "$serialMonitor:TX", "", [] ],
    [ "dht1:SDA", "esp:15", "green", [ "v0" ] ],
    [ "dht1:GND", "esp:GND.3", "white", [ "v19.2", "h-96", "v-76.8" ] ],
    [ "dht1:VCC", "esp:3V3", "red", [ "h-28.8", "v-115.2" ] ],
    [ "r1:1", "dht1:VCC", "red", [ "v0" ] ],
    [ "dht1:SDA", "r1:2", "green", [ "v28.8", "h48.1", "v67.2" ] ],
    [ "rgb1:B", "r2:1", "green", [ "v0" ] ],
    [ "rgb1:G", "r3:1", "green", [ "v0" ] ],
    [ "rgb1:R", "r5:1", "green", [ "v0" ] ],
    [ "esp:14", "r2:2", "green", [ "h0" ] ],
    [ "r3:2", "esp:13", "green", [ "v0" ] ],
    [ "r5:2", "esp:12", "green", [ "v0" ] ],
    [ "rgb1:COM", "esp:3V3", "white", [ "v0" ] ],
    [ "esp:5", "led1:A", "purple", [ "h0" ] ],
    [ "led1:C", "esp:GND.1", "green", [ "v0" ] ]
  ],
  "dependencies": {}
}